shape,n_prior,modell,treffer,korr,sigma_anteil,traeger
A,12,ei,0.2815582752227783,-0.1184123307466507,0.9663928151130676,0.2978515625
A,12,eid,0.6122516393661499,0.43432682752609253,0.9663928151130676,0.2978515625
A,12,lse,0.3548663258552551,0.5396960973739624,0.9663928151130676,0.2978515625
A,12,mass,0.4926411807537079,0.5919557213783264,0.9663928151130676,0.2978515625
A,12,mi,0.27331557869911194,-0.22445954382419586,0.9663928151130676,0.2978515625
A,12,stretch,0.26717060804367065,-0.3133324682712555,0.9663928151130676,0.2978515625
A,12,ucb,0.2696436047554016,-0.3133324384689331,0.9663928151130676,0.2978515625
A,30,ei,0.3156941533088684,0.08425552397966385,0.9507864117622375,0.2978515625
A,30,eid,0.4670465886592865,0.3768824338912964,0.9507864117622375,0.2978515625
A,30,lse,0.3966326415538788,0.6089468598365784,0.9507864117622375,0.2978515625
A,30,mass,0.5002502202987671,0.6953267455101013,0.9507864117622375,0.2978515625
A,30,mi,0.30117398500442505,0.02546756900846958,0.9507864117622375,0.2978515625
A,30,stretch,0.2795608639717102,-0.1094137653708458,0.9507864117622375,0.2978515625
A,30,ucb,0.28053340315818787,-0.10941378027200699,0.9507864117622375,0.2978515625
A,60,ei,0.374785453081131,0.16599197685718536,0.9123572707176208,0.2978515625
A,60,eid,0.5015360116958618,0.5828443765640259,0.9123572707176208,0.2978515625
A,60,lse,0.4993833899497986,0.7767980694770813,0.9123572707176208,0.2978515625
A,60,mass,0.5423280000686646,0.8075520396232605,0.9123572707176208,0.2978515625
A,60,mi,0.37330251932144165,0.27072471380233765,0.9123572707176208,0.2978515625
A,60,stretch,0.2992992103099823,0.013177215121686459,0.9123572707176208,0.2978515625
A,60,ucb,0.2991883158683777,0.013177208602428436,0.9123572707176208,0.2978515625
greek_upper_0,12,ei,0.30372291803359985,0.054355449974536896,0.9740864634513855,0.2978515625
greek_upper_0,12,eid,0.5725576877593994,0.3968534469604492,0.9740864634513855,0.2978515625
greek_upper_0,12,lse,0.34600815176963806,0.526526153087616,0.9740864634513855,0.2978515625
greek_upper_0,12,mass,0.5212610960006714,0.6191306114196777,0.9740864634513855,0.2978515625
greek_upper_0,12,mi,0.2891020178794861,-0.06801103055477142,0.9740864634513855,0.2978515625
greek_upper_0,12,stretch,0.28032708168029785,-0.1717776656150818,0.9740864634513855,0.2978515625
greek_upper_0,12,ucb,0.2815912067890167,-0.1717776656150818,0.9740864634513855,0.2978515625
greek_upper_0,30,ei,0.3419659435749054,0.17792174220085144,0.9586175084114075,0.2978515625
greek_upper_0,30,eid,0.4566742181777954,0.3756730258464813,0.9586175084114075,0.2978515625
greek_upper_0,30,lse,0.3868839740753174,0.6246328353881836,0.9586175084114075,0.2978515625
greek_upper_0,30,mass,0.5298570394515991,0.7335646748542786,0.9586175084114075,0.2978515625
greek_upper_0,30,mi,0.32033178210258484,0.1194491907954216,0.9586175084114075,0.2978515625
greek_upper_0,30,stretch,0.29411113262176514,-0.02372370846569538,0.9586175084114075,0.2978515625
greek_upper_0,30,ucb,0.29434823989868164,-0.023723706603050232,0.9586175084114075,0.2978515625
greek_upper_0,60,ei,0.34345054626464844,0.10974389314651489,0.9207421541213989,0.2978515625
greek_upper_0,60,eid,0.4720326066017151,0.5620120167732239,0.9207421541213989,0.2978515625
greek_upper_0,60,lse,0.4797001779079437,0.7779526710510254,0.9207421541213989,0.2978515625
greek_upper_0,60,mass,0.5364576578140259,0.8286505937576294,0.9207421541213989,0.2978515625
greek_upper_0,60,mi,0.34787121415138245,0.18392255902290344,0.9207421541213989,0.2978515625
greek_upper_0,60,stretch,0.2831197679042816,-0.06357969343662262,0.9207421541213989,0.2978515625
greek_upper_0,60,ucb,0.2840767800807953,-0.06357971578836441,0.9207421541213989,0.2978515625
korean_5,12,ei,0.3937520682811737,0.17852865159511566,0.9777025580406189,0.364501953125
korean_5,12,eid,0.5156473517417908,0.20064498484134674,0.9777025580406189,0.364501953125
korean_5,12,lse,0.4042745530605316,0.37024587392807007,0.9777025580406189,0.364501953125
korean_5,12,mass,0.5472897291183472,0.3840443789958954,0.9777025580406189,0.364501953125
korean_5,12,mi,0.37982672452926636,0.11611893028020859,0.9777025580406189,0.364501953125
korean_5,12,stretch,0.3698958158493042,0.0507320798933506,0.9777025580406189,0.364501953125
korean_5,12,ucb,0.3696097731590271,0.0507320836186409,0.9777025580406189,0.364501953125
korean_5,30,ei,0.39829757809638977,0.11882629245519638,0.9535571932792664,0.364501953125
korean_5,30,eid,0.48704224824905396,0.25958895683288574,0.9535571932792664,0.364501953125
korean_5,30,lse,0.4565260708332062,0.5307506918907166,0.9535571932792664,0.364501953125
korean_5,30,mass,0.5485618114471436,0.5441820025444031,0.9535571932792664,0.364501953125
korean_5,30,mi,0.3937034010887146,0.14380286633968353,0.9535571932792664,0.364501953125
korean_5,30,stretch,0.3691498935222626,0.025907564908266068,0.9535571932792664,0.364501953125
korean_5,30,ucb,0.36889249086380005,0.025907553732395172,0.9535571932792664,0.364501953125
korean_5,60,ei,0.4467368423938751,0.162605419754982,0.9060849547386169,0.364501953125
korean_5,60,eid,0.48583051562309265,0.38991162180900574,0.9060849547386169,0.364501953125
korean_5,60,lse,0.5407429933547974,0.6931665539741516,0.9060849547386169,0.364501953125
korean_5,60,mass,0.5534316301345825,0.6975657343864441,0.9060849547386169,0.364501953125
korean_5,60,mi,0.44774168729782104,0.2981797456741333,0.9060849547386169,0.364501953125
korean_5,60,stretch,0.3786352276802063,0.05506686121225357,0.9060849547386169,0.364501953125
korean_5,60,ucb,0.37746596336364746,0.05506684258580208,0.9060849547386169,0.364501953125
digit_5,12,ei,0.3018326163291931,0.21915678679943085,0.991568922996521,0.26806640625
digit_5,12,eid,0.3203389048576355,0.05665513500571251,0.991568922996521,0.26806640625
digit_5,12,lse,0.2900964617729187,0.2857699692249298,0.991568922996521,0.26806640625
digit_5,12,mass,0.46902862191200256,0.26246151328086853,0.991568922996521,0.26806640625
digit_5,12,mi,0.2921016812324524,0.1857874095439911,0.991568922996521,0.26806640625
digit_5,12,stretch,0.28345802426338196,0.15380755066871643,0.991568922996521,0.26806640625
digit_5,12,ucb,0.28214573860168457,0.15380758047103882,0.991568922996521,0.26806640625
digit_5,30,ei,0.31894049048423767,0.19736354053020477,0.9702649116516113,0.26806640625
digit_5,30,eid,0.3908470571041107,0.27865397930145264,0.9702649116516113,0.26806640625
digit_5,30,lse,0.3391745388507843,0.49675559997558594,0.9702649116516113,0.26806640625
digit_5,30,mass,0.48674970865249634,0.5614110231399536,0.9702649116516113,0.26806640625
digit_5,30,mi,0.3027650713920593,0.1683322936296463,0.9702649116516113,0.26806640625
digit_5,30,stretch,0.28176456689834595,0.08955751359462738,0.9702649116516113,0.26806640625
digit_5,30,ucb,0.2809528708457947,0.08955751359462738,0.9702649116516113,0.26806640625
digit_5,60,ei,0.33689936995506287,0.16825130581855774,0.9332975745201111,0.26806640625
digit_5,60,eid,0.4031245708465576,0.423978716135025,0.9332975745201111,0.26806640625
digit_5,60,lse,0.40958765149116516,0.6320326328277588,0.9332975745201111,0.26806640625
digit_5,60,mass,0.47774720191955566,0.6948263645172119,0.9332975745201111,0.26806640625
digit_5,60,mi,0.3264665901660919,0.21161887049674988,0.9332975745201111,0.26806640625
digit_5,60,stretch,0.27955693006515503,0.06270281225442886,0.9332975745201111,0.26806640625
digit_5,60,ucb,0.2788862884044647,0.06270281225442886,0.9332975745201111,0.26806640625
a_lc,12,ei,0.271668404340744,0.14897754788398743,0.9814033508300781,0.250732421875
a_lc,12,eid,0.4525664746761322,0.2996251583099365,0.9814033508300781,0.250732421875
a_lc,12,lse,0.2864615321159363,0.4320182800292969,0.9814033508300781,0.250732421875
a_lc,12,mass,0.47981101274490356,0.5336707830429077,0.9814033508300781,0.250732421875
a_lc,12,mi,0.2574250400066376,0.0593244805932045,0.9814033508300781,0.250732421875
a_lc,12,stretch,0.24901600182056427,-0.01727159321308136,0.9814033508300781,0.250732421875
a_lc,12,ucb,0.2491677850484848,-0.01727159507572651,0.9814033508300781,0.250732421875
a_lc,30,ei,0.33624351024627686,0.3221195638179779,0.9728311896324158,0.250732421875
a_lc,30,eid,0.3561379611492157,0.23967541754245758,0.9728311896324158,0.250732421875
a_lc,30,lse,0.31191498041152954,0.4574483633041382,0.9728311896324158,0.250732421875
a_lc,30,mass,0.46592193841934204,0.5655720829963684,0.9728311896324158,0.250732421875
a_lc,30,mi,0.3072564899921417,0.2715151906013489,0.9728311896324158,0.250732421875
a_lc,30,stretch,0.2821785509586334,0.2029484212398529,0.9728311896324158,0.250732421875
a_lc,30,ucb,0.2801609933376312,0.2029484212398529,0.9728311896324158,0.250732421875
a_lc,60,ei,0.473071426153183,0.3795464038848877,0.9384130835533142,0.250732421875
a_lc,60,eid,0.4142218828201294,0.4503766894340515,0.9384130835533142,0.250732421875
a_lc,60,lse,0.3801088333129883,0.5686126947402954,0.9384130835533142,0.250732421875
a_lc,60,mass,0.4793044328689575,0.591509997844696,0.9384130835533142,0.250732421875
a_lc,60,mi,0.3704395592212677,0.42457395792007446,0.9384130835533142,0.250732421875
a_lc,60,stretch,0.30894118547439575,0.2879551947116852,0.9384130835533142,0.250732421875
a_lc,60,ucb,0.30474406480789185,0.2879551947116852,0.9384130835533142,0.250732421875
rand_gmm_10,12,ei,0.6396580934524536,0.16536541283130646,0.9694526791572571,0.630126953125
rand_gmm_10,12,eid,0.7903924584388733,0.21164721250534058,0.9694526791572571,0.630126953125
rand_gmm_10,12,lse,0.6593223810195923,0.4190588593482971,0.9694526791572571,0.630126953125
rand_gmm_10,12,mass,0.7521393895149231,0.48433807492256165,0.9694526791572571,0.630126953125
rand_gmm_10,12,mi,0.6285392045974731,0.04956987500190735,0.9694526791572571,0.630126953125
rand_gmm_10,12,stretch,0.6236695051193237,-0.006323503330349922,0.9694526791572571,0.630126953125
rand_gmm_10,12,ucb,0.624279797077179,-0.006323532667011023,0.9694526791572571,0.630126953125
rand_gmm_10,30,ei,0.6710334420204163,0.2936230003833771,0.9296242594718933,0.630126953125
rand_gmm_10,30,eid,0.7259067893028259,0.28631049394607544,0.9296242594718933,0.630126953125
rand_gmm_10,30,lse,0.6990873217582703,0.6712589263916016,0.9296242594718933,0.630126953125
rand_gmm_10,30,mass,0.7515400052070618,0.8077822327613831,0.9296242594718933,0.630126953125
rand_gmm_10,30,mi,0.6496219635009766,0.18627865612506866,0.9296242594718933,0.630126953125
rand_gmm_10,30,stretch,0.6304924488067627,0.04210056737065315,0.9296242594718933,0.630126953125
rand_gmm_10,30,ucb,0.6304669976234436,0.04210057109594345,0.9296242594718933,0.630126953125
rand_gmm_10,60,ei,0.6823622584342957,0.2924440801143646,0.8823657035827637,0.630126953125
rand_gmm_10,60,eid,0.708037257194519,0.3627450168132782,0.8823657035827637,0.630126953125
rand_gmm_10,60,lse,0.7429725527763367,0.7839879989624023,0.8823657035827637,0.630126953125
rand_gmm_10,60,mass,0.7479404807090759,0.8573836088180542,0.8823657035827637,0.630126953125
rand_gmm_10,60,mi,0.671757698059082,0.31283771991729736,0.8823657035827637,0.630126953125
rand_gmm_10,60,stretch,0.6309853196144104,0.08738404512405396,0.8823657035827637,0.630126953125
rand_gmm_10,60,ucb,0.6308760643005371,0.08738404512405396,0.8823657035827637,0.630126953125
rand_gmm_20,12,ei,0.5587937831878662,0.41535964608192444,0.9495975971221924,0.519287109375
rand_gmm_20,12,eid,0.8154770135879517,0.609687864780426,0.9495975971221924,0.519287109375
rand_gmm_20,12,lse,0.5825371146202087,0.8289368152618408,0.9495975971221924,0.519287109375
rand_gmm_20,12,mass,0.702242374420166,0.9254893660545349,0.9495975971221924,0.519287109375
rand_gmm_20,12,mi,0.5231728553771973,0.09139354526996613,0.9495975971221924,0.519287109375
rand_gmm_20,12,stretch,0.5070342421531677,-0.1615949422121048,0.9495975971221924,0.519287109375
rand_gmm_20,12,ucb,0.5087294578552246,-0.16159497201442719,0.9495975971221924,0.519287109375
rand_gmm_20,30,ei,0.5752149820327759,0.24045182764530182,0.9237294793128967,0.519287109375
rand_gmm_20,30,eid,0.6859955787658691,0.5189241766929626,0.9237294793128967,0.519287109375
rand_gmm_20,30,lse,0.620119571685791,0.8505759835243225,0.9237294793128967,0.519287109375
rand_gmm_20,30,mass,0.6857672333717346,0.9332845211029053,0.9237294793128967,0.519287109375
rand_gmm_20,30,mi,0.5453153848648071,0.11773701012134552,0.9237294793128967,0.519287109375
rand_gmm_20,30,stretch,0.5143572688102722,-0.13440123200416565,0.9237294793128967,0.519287109375
rand_gmm_20,30,ucb,0.5148550868034363,-0.13440127670764923,0.9237294793128967,0.519287109375
rand_gmm_20,60,ei,0.5592940449714661,0.006469289306551218,0.8852124214172363,0.519287109375
rand_gmm_20,60,eid,0.6124950647354126,0.40389901399612427,0.8852124214172363,0.519287109375
rand_gmm_20,60,lse,0.6586093306541443,0.8738290071487427,0.8852124214172363,0.519287109375
rand_gmm_20,60,mass,0.666158139705658,0.8926409482955933,0.8852124214172363,0.519287109375
rand_gmm_20,60,mi,0.5738367438316345,0.22232702374458313,0.8852124214172363,0.519287109375
rand_gmm_20,60,stretch,0.5163516998291016,-0.12369389832019806,0.8852124214172363,0.519287109375
rand_gmm_20,60,ucb,0.516633152961731,-0.12369392067193985,0.8852124214172363,0.519287109375
rand_ana_poly_10,12,ei,0.20363444089889526,0.12829716503620148,0.9772725701332092,0.18408203125
rand_ana_poly_10,12,eid,0.3448351323604584,0.2591935396194458,0.9772725701332092,0.18408203125
rand_ana_poly_10,12,lse,0.2185794711112976,0.3806034326553345,0.9772725701332092,0.18408203125
rand_ana_poly_10,12,mass,0.3629797399044037,0.42222797870635986,0.9772725701332092,0.18408203125
rand_ana_poly_10,12,mi,0.19057276844978333,0.06508523970842361,0.9772725701332092,0.18408203125
rand_ana_poly_10,12,stretch,0.18224872648715973,-0.01008436270058155,0.9772725701332092,0.18408203125
rand_ana_poly_10,12,ucb,0.18235532939434052,-0.010084347799420357,0.9772725701332092,0.18408203125
rand_ana_poly_10,30,ei,0.2539029121398926,0.22880814969539642,0.9482595920562744,0.18408203125
rand_ana_poly_10,30,eid,0.36761265993118286,0.45559874176979065,0.9482595920562744,0.18408203125
rand_ana_poly_10,30,lse,0.27952006459236145,0.6030717492103577,0.9482595920562744,0.18408203125
rand_ana_poly_10,30,mass,0.4022754430770874,0.6688395738601685,0.9482595920562744,0.18408203125
rand_ana_poly_10,30,mi,0.21836179494857788,0.18573278188705444,0.9482595920562744,0.18408203125
rand_ana_poly_10,30,stretch,0.18628273904323578,0.015468602068722248,0.9482595920562744,0.18408203125
rand_ana_poly_10,30,ucb,0.18616017699241638,0.015468605794012547,0.9482595920562744,0.18408203125
rand_ana_poly_10,60,ei,0.28900837898254395,0.17295916378498077,0.916068971157074,0.18408203125
rand_ana_poly_10,60,eid,0.3791801631450653,0.5250256061553955,0.916068971157074,0.18408203125
rand_ana_poly_10,60,lse,0.35539519786834717,0.6759677529335022,0.916068971157074,0.18408203125
rand_ana_poly_10,60,mass,0.4245271682739258,0.6880331039428711,0.916068971157074,0.18408203125
rand_ana_poly_10,60,mi,0.2667075991630554,0.2932119369506836,0.916068971157074,0.18408203125
rand_ana_poly_10,60,stretch,0.19747298955917358,0.05796875059604645,0.916068971157074,0.18408203125
rand_ana_poly_10,60,ucb,0.19653505086898804,0.05796874314546585,0.916068971157074,0.18408203125
rand_ana_poly_20,12,ei,0.23761054873466492,0.2354424148797989,0.9915208220481873,0.20458984375
rand_ana_poly_20,12,eid,0.20446714758872986,0.0019284702138975263,0.9915208220481873,0.20458984375
rand_ana_poly_20,12,lse,0.22218826413154602,0.24288761615753174,0.9915208220481873,0.20458984375
rand_ana_poly_20,12,mass,0.3454150855541229,0.2282637357711792,0.9915208220481873,0.20458984375
rand_ana_poly_20,12,mi,0.23018579185009003,0.20597527921199799,0.9915208220481873,0.20458984375
rand_ana_poly_20,12,stretch,0.2212495058774948,0.17903976142406464,0.9915208220481873,0.20458984375
rand_ana_poly_20,12,ucb,0.22022785246372223,0.17903976142406464,0.9915208220481873,0.20458984375
rand_ana_poly_20,30,ei,0.35154545307159424,0.3927190601825714,0.9437001943588257,0.20458984375
rand_ana_poly_20,30,eid,0.34522342681884766,0.34816181659698486,0.9437001943588257,0.20458984375
rand_ana_poly_20,30,lse,0.3006003499031067,0.5640110373497009,0.9437001943588257,0.20458984375
rand_ana_poly_20,30,mass,0.4194762110710144,0.58110511302948,0.9437001943588257,0.20458984375
rand_ana_poly_20,30,mi,0.27688631415367126,0.36949095129966736,0.9437001943588257,0.20458984375
rand_ana_poly_20,30,stretch,0.23405353724956512,0.20920075476169586,0.9437001943588257,0.20458984375
rand_ana_poly_20,30,ucb,0.23228338360786438,0.20920078456401825,0.9437001943588257,0.20458984375
rand_ana_poly_20,60,ei,0.48134317994117737,0.30285438895225525,0.9087957143783569,0.20458984375
rand_ana_poly_20,60,eid,0.4108629524707794,0.5556433200836182,0.9087957143783569,0.20458984375
rand_ana_poly_20,60,lse,0.3782276213169098,0.6615272164344788,0.9087957143783569,0.20458984375
rand_ana_poly_20,60,mass,0.4494512379169464,0.6848444938659668,0.9087957143783569,0.20458984375
rand_ana_poly_20,60,mi,0.3363952338695526,0.4467332363128662,0.9087957143783569,0.20458984375
rand_ana_poly_20,60,stretch,0.24785089492797852,0.211795836687088,0.9087957143783569,0.20458984375
rand_ana_poly_20,60,ucb,0.24478784203529358,0.21179582178592682,0.9087957143783569,0.20458984375
rand_ana_poly_30,12,ei,0.20567665994167328,-0.04238589107990265,0.9684430360794067,0.212158203125
rand_ana_poly_30,12,eid,0.3556758165359497,0.23486855626106262,0.9684430360794067,0.212158203125
rand_ana_poly_30,12,lse,0.2444685399532318,0.32390159368515015,0.9684430360794067,0.212158203125
rand_ana_poly_30,12,mass,0.3266340494155884,0.3188793957233429,0.9684430360794067,0.212158203125
rand_ana_poly_30,12,mi,0.204598531126976,-0.06502799689769745,0.9684430360794067,0.212158203125
rand_ana_poly_30,12,stretch,0.20014141499996185,-0.12670554220676422,0.9684430360794067,0.212158203125
rand_ana_poly_30,12,ucb,0.20101921260356903,-0.12670554220676422,0.9684430360794067,0.212158203125
rand_ana_poly_30,30,ei,0.23895251750946045,0.08702585101127625,0.9538580179214478,0.212158203125
rand_ana_poly_30,30,eid,0.3411245048046112,0.32066288590431213,0.9538580179214478,0.212158203125
rand_ana_poly_30,30,lse,0.2771053910255432,0.42563632130622864,0.9538580179214478,0.212158203125
rand_ana_poly_30,30,mass,0.3636102080345154,0.44613128900527954,0.9538580179214478,0.212158203125
rand_ana_poly_30,30,mi,0.2300986796617508,0.08881130069494247,0.9538580179214478,0.212158203125
rand_ana_poly_30,30,stretch,0.21419110894203186,0.016142278909683228,0.9538580179214478,0.212158203125
rand_ana_poly_30,30,ucb,0.21407397091388702,0.01614227704703808,0.9538580179214478,0.212158203125
rand_ana_poly_30,60,ei,0.22671982645988464,0.028599392622709274,0.9172955751419067,0.212158203125
rand_ana_poly_30,60,eid,0.39097461104393005,0.427620530128479,0.9172955751419067,0.212158203125
rand_ana_poly_30,60,lse,0.3474535346031189,0.5671771168708801,0.9172955751419067,0.212158203125
rand_ana_poly_30,60,mass,0.39338213205337524,0.5694900751113892,0.9172955751419067,0.212158203125
rand_ana_poly_30,60,mi,0.26075005531311035,0.18852359056472778,0.9172955751419067,0.212158203125
rand_ana_poly_30,60,stretch,0.20712095499038696,-0.009713890962302685,0.9172955751419067,0.212158203125
rand_ana_poly_30,60,ucb,0.20743857324123383,-0.009713886305689812,0.9172955751419067,0.212158203125
rand_gmm_complex_0,12,ei,0.5161594152450562,-0.006982871331274509,0.9701855182647705,0.51171875
rand_gmm_complex_0,12,eid,0.7448846101760864,0.4329903721809387,0.9701855182647705,0.51171875
rand_gmm_complex_0,12,lse,0.5556882619857788,0.6110867857933044,0.9701855182647705,0.51171875
rand_gmm_complex_0,12,mass,0.6921684741973877,0.7181049585342407,0.9701855182647705,0.51171875
rand_gmm_complex_0,12,mi,0.502271294593811,-0.18023599684238434,0.9701855182647705,0.51171875
rand_gmm_complex_0,12,stretch,0.4948137402534485,-0.2729761302471161,0.9701855182647705,0.51171875
rand_gmm_complex_0,12,ucb,0.4964563846588135,-0.2729761600494385,0.9701855182647705,0.51171875
rand_gmm_complex_0,30,ei,0.5364881753921509,-0.007945595309138298,0.9325781464576721,0.51171875
rand_gmm_complex_0,30,eid,0.6298767924308777,0.40770941972732544,0.9325781464576721,0.51171875
rand_gmm_complex_0,30,lse,0.5896264314651489,0.757975697517395,0.9325781464576721,0.51171875
rand_gmm_complex_0,30,mass,0.646871030330658,0.8183056116104126,0.9325781464576721,0.51171875
rand_gmm_complex_0,30,mi,0.519334614276886,-0.08309930562973022,0.9325781464576721,0.51171875
rand_gmm_complex_0,30,stretch,0.4996867775917053,-0.22850705683231354,0.9325781464576721,0.51171875
rand_gmm_complex_0,30,ucb,0.5006521940231323,-0.22850705683231354,0.9325781464576721,0.51171875
rand_gmm_complex_0,60,ei,0.4573269486427307,-0.08503925055265427,0.8891588449478149,0.51171875
rand_gmm_complex_0,60,eid,0.5897223949432373,0.29388532042503357,0.8891588449478149,0.51171875
rand_gmm_complex_0,60,lse,0.6338862776756287,0.8047006130218506,0.8891588449478149,0.51171875
rand_gmm_complex_0,60,mass,0.6226873993873596,0.747944712638855,0.8891588449478149,0.51171875
rand_gmm_complex_0,60,mi,0.5041645169258118,0.012783934362232685,0.8891588449478149,0.51171875
rand_gmm_complex_0,60,stretch,0.462700754404068,-0.22273218631744385,0.8891588449478149,0.51171875
rand_gmm_complex_0,60,ucb,0.4678099751472473,-0.22273218631744385,0.8891588449478149,0.51171875
rand_gmm_complex_10,12,ei,0.5726418495178223,0.3591742515563965,0.9666838645935059,0.52001953125
rand_gmm_complex_10,12,eid,0.6438356637954712,0.40764981508255005,0.9666838645935059,0.52001953125
rand_gmm_complex_10,12,lse,0.5625643134117126,0.7207887768745422,0.9666838645935059,0.52001953125
rand_gmm_complex_10,12,mass,0.6805155277252197,0.8086125254631042,0.9666838645935059,0.52001953125
rand_gmm_complex_10,12,mi,0.5460561513900757,0.175535187125206,0.9666838645935059,0.52001953125
rand_gmm_complex_10,12,stretch,0.5329142212867737,0.02453494817018509,0.9666838645935059,0.52001953125
rand_gmm_complex_10,12,ucb,0.5316289663314819,0.02453495003283024,0.9666838645935059,0.52001953125
rand_gmm_complex_10,30,ei,0.5405439138412476,0.20219114422798157,0.9407744407653809,0.52001953125
rand_gmm_complex_10,30,eid,0.6770830154418945,0.4785473346710205,0.9407744407653809,0.52001953125
rand_gmm_complex_10,30,lse,0.5970028638839722,0.7487565875053406,0.9407744407653809,0.52001953125
rand_gmm_complex_10,30,mass,0.6766046285629272,0.8956128358840942,0.9407744407653809,0.52001953125
rand_gmm_complex_10,30,mi,0.5259767770767212,0.09569060057401657,0.9407744407653809,0.52001953125
rand_gmm_complex_10,30,stretch,0.5088134407997131,-0.05056757852435112,0.9407744407653809,0.52001953125
rand_gmm_complex_10,30,ucb,0.5096758604049683,-0.05056758224964142,0.9407744407653809,0.52001953125
rand_gmm_complex_10,60,ei,0.5109871625900269,0.19012592732906342,0.9067597985267639,0.52001953125
rand_gmm_complex_10,60,eid,0.6235166788101196,0.49351784586906433,0.9067597985267639,0.52001953125
rand_gmm_complex_10,60,lse,0.6371573209762573,0.7978077530860901,0.9067597985267639,0.52001953125
rand_gmm_complex_10,60,mass,0.6550787091255188,0.8732143044471741,0.9067597985267639,0.52001953125
rand_gmm_complex_10,60,mi,0.5324620604515076,0.20854125916957855,0.9067597985267639,0.52001953125
rand_gmm_complex_10,60,stretch,0.49593251943588257,-0.0017968746833503246,0.9067597985267639,0.52001953125
rand_gmm_complex_10,60,ucb,0.4980165958404541,-0.0017968796892091632,0.9067597985267639,0.52001953125
