variant,shape,path_len,coverage,info_gain,belief_rmse
A,A,0.37654557824134827,0.3177037537097931,52.785125732421875,0.21889859437942505
A,A,0.7710238099098206,0.25060537457466125,105.46957397460938,0.2881125807762146
A,A,1.1904786825180054,0.1292109489440918,136.16220092773438,0.27794215083122253
A,A,1.5753614902496338,0.11815447360277176,144.063232421875,0.2636812925338745
A,A,1.9899522066116333,0.09925639629364014,143.60366821289062,0.30456918478012085
A,A,2.390679121017456,0.08258023113012314,152.10861206054688,0.26133111119270325
A,A,2.789104700088501,0.07655511796474457,170.531982421875,0.2693423628807068
A,A,3.174936532974243,0.07233183085918427,175.20074462890625,0.3029797077178955
A,A,3.5882062911987305,0.07111131399869919,175.31875610351562,0.36784276366233826
A,A,3.8235206604003906,0.07042238116264343,181.45077514648438,0.24690380692481995
A,greek_upper_0,0.3704168200492859,0.5259140133857727,42.457977294921875,0.1931452453136444
A,greek_upper_0,0.7913615703582764,0.2394135296344757,82.706298828125,0.27433905005455017
A,greek_upper_0,1.1881040334701538,0.1977568119764328,104.76922607421875,0.21894972026348114
A,greek_upper_0,1.5850012302398682,0.13015198707580566,115.30715942382812,0.35257911682128906
A,greek_upper_0,1.963768720626831,0.11831691116094589,121.4686279296875,0.2657923698425293
A,greek_upper_0,2.3867223262786865,0.11478441953659058,126.99179077148438,0.28822365403175354
A,greek_upper_0,2.7735202312469482,0.10179894417524338,163.66806030273438,0.34449639916419983
A,greek_upper_0,3.183037281036377,0.08683034777641296,191.1805419921875,0.2607056498527527
A,greek_upper_0,3.5478315353393555,0.08023815602064133,194.06625366210938,0.22181615233421326
A,greek_upper_0,3.849900722503662,0.07910129427909851,196.7568359375,0.2547156810760498
A,korean_5,0.35114800930023193,0.3880115747451782,52.53228759765625,0.3448013961315155
A,korean_5,0.7867714762687683,0.2599039673805237,89.71664428710938,0.3826785683631897
A,korean_5,1.1803640127182007,0.2595100402832031,97.18084716796875,0.4563359022140503
A,korean_5,1.5687329769134521,0.19118545949459076,105.35516357421875,0.42409953474998474
A,korean_5,1.978311538696289,0.13712432980537415,133.3939208984375,0.34322503209114075
A,korean_5,2.3715691566467285,0.11164386570453644,158.8385009765625,0.31508171558380127
A,korean_5,2.7719404697418213,0.08149710297584534,191.64886474609375,0.2988162636756897
A,korean_5,3.1904072761535645,0.07405482232570648,209.2718505859375,0.3514835238456726
A,korean_5,3.530635356903076,0.07364580035209656,205.30224609375,0.33247387409210205
A,korean_5,3.7744569778442383,0.07210277020931244,208.76260375976562,0.2947291433811188
A,digit_5,0.381570965051651,0.2858216464519501,47.263702392578125,0.20752839744091034
A,digit_5,0.7932539582252502,0.23093865811824799,100.56509399414062,0.3454754948616028
A,digit_5,1.1917552947998047,0.2100442349910736,105.311279296875,0.42195621132850647
A,digit_5,1.5654067993164062,0.19997967779636383,112.6888427734375,0.5295527577400208
A,digit_5,1.9839656352996826,0.18840691447257996,118.92926025390625,0.27595728635787964
A,digit_5,2.365780830383301,0.18352718651294708,140.21710205078125,0.3565864861011505
A,digit_5,2.7673234939575195,0.18059346079826355,161.3944091796875,0.42958006262779236
A,digit_5,3.1830382347106934,0.10503848642110825,184.05343627929688,0.3085331618785858
A,digit_5,3.545297384262085,0.07106944173574448,199.25485229492188,0.3230602741241455
A,digit_5,3.718733072280884,0.06980463117361069,203.6856689453125,0.32028642296791077
A,a_lc,0.3830729126930237,0.2995457351207733,66.41494750976562,0.2979576587677002
A,a_lc,0.7877660393714905,0.21136043965816498,107.15335083007812,0.39002570509910583
A,a_lc,1.1871416568756104,0.1730634719133377,136.03866577148438,0.3120597004890442
A,a_lc,1.5705366134643555,0.14422588050365448,165.78005981445312,0.22157104313373566
A,a_lc,1.9922465085983276,0.09984905272722244,197.76950073242188,0.306138277053833
A,a_lc,2.3806450366973877,0.09257971495389938,182.96279907226562,0.4397664964199066
A,a_lc,2.7893924713134766,0.08347993344068527,215.65206909179688,0.24920371174812317
A,a_lc,3.182007074356079,0.0807766243815422,216.10321044921875,0.3927852511405945
A,a_lc,3.574157238006592,0.05954361334443092,217.4481201171875,0.2991254925727844
A,a_lc,3.8549585342407227,0.057932209223508835,226.88296508789062,0.4607820212841034
B,A,0.45551517605781555,0.3519841730594635,64.80386352539062,0.25610673427581787
B,A,0.9754267334938049,0.2968025505542755,117.50457763671875,0.28095436096191406
B,A,1.46799898147583,0.29662251472473145,125.88027954101562,0.23695872724056244
B,A,1.9731048345565796,0.19439458847045898,163.45883178710938,0.3107869327068329
B,A,2.472170829772949,0.1287391036748886,180.59378051757812,0.3204650282859802
B,A,2.9547276496887207,0.11322146654129028,188.63262939453125,0.2434692680835724
B,A,3.469536304473877,0.07566996663808823,246.67788696289062,0.2338390350341797
B,A,3.9522500038146973,0.056878767907619476,272.49444580078125,0.22539474070072174
B,A,4.461319923400879,0.056147705763578415,299.51849365234375,0.3075369894504547
B,A,4.9589362144470215,0.05379575118422508,316.29498291015625,0.15956036746501923
B,greek_upper_0,0.4853768050670624,0.4775748550891876,74.59231567382812,0.20767457783222198
B,greek_upper_0,0.9931600093841553,0.3745375871658325,118.9920654296875,0.25647392868995667
B,greek_upper_0,1.525056004524231,0.19240492582321167,160.09689331054688,0.27895280718803406
B,greek_upper_0,2.0307459831237793,0.13379696011543274,210.52294921875,0.1728675663471222
B,greek_upper_0,2.5348060131073,0.11289966851472855,217.84317016601562,0.21771395206451416
B,greek_upper_0,3.030871629714966,0.08097685873508453,238.71563720703125,0.2787612974643707
B,greek_upper_0,3.549851417541504,0.07166096568107605,279.8013916015625,0.2957264482975006
B,greek_upper_0,4.063799858093262,0.07153679430484772,297.95806884765625,0.25534549355506897
B,greek_upper_0,4.530788898468018,0.05423665791749954,303.00372314453125,0.1756429374217987
B,greek_upper_0,5.090137958526611,0.05423665791749954,323.0262451171875,0.15243366360664368
B,korean_5,0.49528566002845764,0.2306395322084427,77.61724853515625,0.3412017524242401
B,korean_5,1.077638864517212,0.21111686527729034,127.748046875,0.3286542296409607
B,korean_5,1.6198818683624268,0.21107977628707886,157.9346923828125,0.38225874304771423
B,korean_5,2.151745080947876,0.19963879883289337,205.4779052734375,0.33231163024902344
B,korean_5,2.6980392932891846,0.1810319423675537,226.11825561523438,0.25496959686279297
B,korean_5,3.2479166984558105,0.1290552169084549,233.7689208984375,0.29030516743659973
B,korean_5,3.766578435897827,0.09393846243619919,266.01837158203125,0.2617759704589844
B,korean_5,4.351153373718262,0.07372036576271057,299.15740966796875,0.1984308958053589
B,korean_5,4.882116317749023,0.05344536900520325,317.55670166015625,0.29162222146987915
B,korean_5,5.434457302093506,0.05294366553425789,322.31231689453125,0.14203286170959473
B,digit_5,0.5283174514770508,0.3700045347213745,86.83905029296875,0.24416130781173706
B,digit_5,1.0814576148986816,0.16322867572307587,145.8231201171875,0.533801794052124
B,digit_5,1.6338154077529907,0.14818289875984192,193.22647094726562,0.41684210300445557
B,digit_5,2.1954734325408936,0.10287828743457794,216.81082153320312,0.591972291469574
B,digit_5,2.7287850379943848,0.09695978462696075,236.673828125,0.47615575790405273
B,digit_5,3.3118393421173096,0.09680768847465515,243.36123657226562,0.426636278629303
B,digit_5,3.828474998474121,0.09680768847465515,267.2961120605469,0.2991330027580261
B,digit_5,4.378103733062744,0.09608916938304901,295.308837890625,0.18995274603366852
B,digit_5,4.949214458465576,0.08394529670476913,299.64752197265625,0.20271973311901093
B,digit_5,5.5482025146484375,0.06012401729822159,310.474853515625,0.2673378884792328
B,a_lc,0.45043155550956726,0.3303203284740448,75.25897216796875,0.23024576902389526
B,a_lc,0.9496851563453674,0.15383630990982056,126.3702392578125,0.3726642429828644
B,a_lc,1.4193257093429565,0.15366403758525848,150.81008911132812,0.36256563663482666
B,a_lc,1.9192073345184326,0.14527449011802673,201.83670043945312,0.23287828266620636
B,a_lc,2.386612892150879,0.11415128409862518,209.5804443359375,0.38594770431518555
B,a_lc,2.8803179264068604,0.09860792756080627,208.3604736328125,0.23522308468818665
B,a_lc,3.359457492828369,0.08221080154180527,245.8270263671875,0.314665287733078
B,a_lc,3.842653274536133,0.07464829087257385,271.4044189453125,0.25260666012763977
B,a_lc,4.300262928009033,0.06887053698301315,300.37261962890625,0.16872085630893707
B,a_lc,4.804477691650391,0.04813974350690842,308.8648986816406,0.21675793826580048
C,A,0.3786027133464813,0.47570496797561646,39.36767578125,0.20116116106510162
C,A,0.7820873856544495,0.26873889565467834,78.62820434570312,0.23066605627536774
C,A,1.1886589527130127,0.16088713705539703,101.53561401367188,0.44093769788742065
C,A,1.5819675922393799,0.09745050966739655,145.10635375976562,0.3184579610824585
C,A,1.9784375429153442,0.0961388349533081,166.59982299804688,0.5065387487411499
C,A,2.3537800312042236,0.08083947747945786,171.5242919921875,0.5095611810684204
C,A,2.7706313133239746,0.058792147785425186,193.49884033203125,0.4779052436351776
C,A,3.1688880920410156,0.0542430579662323,180.49234008789062,0.3612399399280548
C,A,3.5343990325927734,0.05048514902591705,189.5697021484375,0.3143867552280426
C,A,3.882948160171509,0.04944295436143875,193.10452270507812,0.4899500906467438
C,greek_upper_0,0.3735581934452057,0.22449219226837158,57.3646240234375,0.2876093089580536
C,greek_upper_0,0.7936066389083862,0.1782177984714508,96.87945556640625,0.43789568543434143
C,greek_upper_0,1.1919094324111938,0.11381743103265762,119.5386962890625,0.2522507309913635
C,greek_upper_0,1.5791784524917603,0.07293331623077393,140.45904541015625,0.24713127315044403
C,greek_upper_0,1.9458794593811035,0.06990975886583328,158.5562744140625,0.3279799818992615
C,greek_upper_0,2.3872523307800293,0.06967885047197342,168.47317504882812,0.414399117231369
C,greek_upper_0,2.7936246395111084,0.061014726758003235,179.77044677734375,0.34365594387054443
C,greek_upper_0,3.1932406425476074,0.057213786989450455,184.55364990234375,0.21691061556339264
C,greek_upper_0,3.593527317047119,0.05032233148813248,219.89279174804688,0.2599929869174957
C,greek_upper_0,3.927436351776123,0.04552045464515686,230.96414184570312,0.22840891778469086
C,korean_5,0.388053297996521,0.3991284668445587,65.34063720703125,0.266563355922699
C,korean_5,0.7942902445793152,0.25548115372657776,97.59182739257812,0.3935876488685608
C,korean_5,1.1981016397476196,0.16904039680957794,116.47161865234375,0.44324201345443726
C,korean_5,1.5830612182617188,0.166441410779953,126.40817260742188,0.40275633335113525
C,korean_5,1.9340977668762207,0.16629934310913086,140.79324340820312,0.6241964101791382
C,korean_5,2.3724892139434814,0.1654481738805771,162.62564086914062,0.43093112111091614
C,korean_5,2.785184383392334,0.1570579707622528,172.98275756835938,0.46838802099227905
C,korean_5,3.1909139156341553,0.1048210933804512,191.289794921875,0.28549838066101074
C,korean_5,3.5853769779205322,0.08899534493684769,202.40899658203125,0.47884926199913025
C,korean_5,3.925668954849243,0.07285614311695099,216.13583374023438,0.373046338558197
C,digit_5,0.3951921761035919,0.1830291599035263,70.06973266601562,0.44500064849853516
C,digit_5,0.7844881415367126,0.15190038084983826,104.36041259765625,0.25587698817253113
C,digit_5,1.1886050701141357,0.1112639307975769,121.48287963867188,0.2573888599872589
C,digit_5,1.582122564315796,0.10175971686840057,165.65280151367188,0.2994673252105713
C,digit_5,1.933162808418274,0.09708964824676514,175.75314331054688,0.32992035150527954
C,digit_5,2.380714178085327,0.09581604599952698,173.61941528320312,0.48304978013038635
C,digit_5,2.7797977924346924,0.07104983925819397,192.90252685546875,0.3053065836429596
C,digit_5,3.168457508087158,0.06721857935190201,191.96551513671875,0.23283326625823975
C,digit_5,3.5687458515167236,0.0657552108168602,193.0322265625,0.30440229177474976
C,digit_5,3.875483512878418,0.0657552108168602,195.5313720703125,0.28909069299697876
C,a_lc,0.37848320603370667,0.39342838525772095,53.872283935546875,0.2515713572502136
C,a_lc,0.7924156785011292,0.1658841073513031,90.33477783203125,0.4838457405567169
C,a_lc,1.1963391304016113,0.12330837547779083,128.2012939453125,0.42803308367729187
C,a_lc,1.5796228647232056,0.09698021411895752,145.35391235351562,0.4086558222770691
C,a_lc,1.992574691772461,0.09440119564533234,153.75625610351562,0.435566246509552
C,a_lc,2.392395257949829,0.0932459905743599,149.41580200195312,0.612409770488739
C,a_lc,2.7938930988311768,0.08166979998350143,176.33599853515625,0.47136813402175903
C,a_lc,3.1928768157958984,0.08065413683652878,168.92813110351562,0.4810269773006439
C,a_lc,3.588838577270508,0.06453337520360947,188.19415283203125,0.4829632639884949
C,a_lc,3.919158697128296,0.06395221501588821,187.31228637695312,0.4068056643009186
D,A,0.2692630887031555,0.43330928683280945,23.928497314453125,0.19127650558948517
D,A,0.7608522176742554,0.28517070412635803,77.21878051757812,0.18904182314872742
D,A,1.202913761138916,0.26255056262016296,123.51547241210938,0.19784103333950043
D,A,1.5788570642471313,0.15324808657169342,152.04275512695312,0.18648912012577057
D,A,1.9916695356369019,0.12994226813316345,157.32821655273438,0.1951320469379425
D,A,2.397470474243164,0.12989431619644165,187.77316284179688,0.23034371435642242
D,A,2.8000431060791016,0.1292860060930252,195.13241577148438,0.24153421819210052
D,A,3.2102317810058594,0.11000630259513855,221.77175903320312,0.21720507740974426
D,A,3.5871429443359375,0.10789760947227478,200.9708251953125,0.2665666341781616
D,A,4.003312587738037,0.09820505976676941,227.63668823242188,0.35273656249046326
D,greek_upper_0,0.3282943665981293,0.35881733894348145,31.318206787109375,0.1679452806711197
D,greek_upper_0,0.8559271097183228,0.16594737768173218,77.70489501953125,0.29257917404174805
D,greek_upper_0,1.274959683418274,0.13828922808170319,105.35330200195312,0.24824371933937073
D,greek_upper_0,1.7178887128829956,0.1179179698228836,142.67718505859375,0.31943926215171814
D,greek_upper_0,1.969358205795288,0.11791771650314331,154.69717407226562,0.3373435139656067
D,greek_upper_0,2.521249532699585,0.08943728357553482,181.49124145507812,0.2894323170185089
D,greek_upper_0,2.983954906463623,0.07622929662466049,208.4681396484375,0.22356346249580383
D,greek_upper_0,3.438692808151245,0.06795578449964523,201.46517944335938,0.26854297518730164
D,greek_upper_0,3.837541103363037,0.06580884009599686,200.20040893554688,0.19688495993614197
D,greek_upper_0,4.254269599914551,0.06157372519373894,201.08804321289062,0.307841032743454
D,korean_5,0.3439231514930725,0.5242084264755249,30.272430419921875,0.2780018746852875
D,korean_5,0.8097943067550659,0.2820950150489807,65.45150756835938,0.296449214220047
D,korean_5,1.2248820066452026,0.17686137557029724,107.47097778320312,0.4887050688266754
D,korean_5,1.631653070449829,0.14621518552303314,137.31747436523438,0.3576362431049347
D,korean_5,2.040923833847046,0.11788584291934967,154.53842163085938,0.27694690227508545
D,korean_5,2.238466501235962,0.10789182782173157,163.6143798828125,0.3488161265850067
D,korean_5,2.8502938747406006,0.10107201337814331,181.48980712890625,0.2505608797073364
D,korean_5,3.2638819217681885,0.09511725604534149,194.7445068359375,0.3528316915035248
D,korean_5,3.6451399326324463,0.091193288564682,173.31536865234375,0.3386326730251312
D,korean_5,4.0457072257995605,0.08908902108669281,195.42831420898438,0.3387216329574585
D,digit_5,0.3046523332595825,0.2981940507888794,40.419097900390625,0.17593695223331451
D,digit_5,0.677970290184021,0.22870540618896484,82.11724853515625,0.19618375599384308
D,digit_5,1.0153732299804688,0.15456752479076385,122.88125610351562,0.24241581559181213
D,digit_5,1.3643308877944946,0.12074591964483261,126.47802734375,0.2193765938282013
D,digit_5,1.5258573293685913,0.11142978817224503,129.71771240234375,0.34245893359184265
D,digit_5,1.9421422481536865,0.09930169582366943,140.11236572265625,0.23877568542957306
D,digit_5,2.3708300590515137,0.0895519033074379,167.99261474609375,0.2599453926086426
D,digit_5,2.706665277481079,0.08784476667642593,179.77557373046875,0.3255840539932251
D,digit_5,3.0639684200286865,0.07610352337360382,181.94119262695312,0.19151122868061066
D,digit_5,3.406924247741699,0.06350571662187576,220.62939453125,0.3356291651725769
D,a_lc,0.3665870428085327,0.447064608335495,39.082550048828125,0.2420223355293274
D,a_lc,0.8252875208854675,0.1931462585926056,90.46627807617188,0.374259352684021
D,a_lc,1.2201899290084839,0.1538439393043518,139.22030639648438,0.30395177006721497
D,a_lc,1.6234318017959595,0.1461409032344818,136.70147705078125,0.4447188675403595
D,a_lc,2.0440919399261475,0.12398451566696167,142.41806030273438,0.46378058195114136
D,a_lc,2.1539723873138428,0.12381766736507416,146.582275390625,0.5330449342727661
D,a_lc,2.893364667892456,0.11826742440462112,165.9462890625,0.371701180934906
D,a_lc,3.288191318511963,0.10142815113067627,167.33236694335938,0.36987537145614624
D,a_lc,3.6972293853759766,0.07812520861625671,176.52548217773438,0.3535935580730438
D,a_lc,4.137963771820068,0.07146112620830536,195.76507568359375,0.3348348140716553
E,A,0.3925319314002991,0.23801320791244507,65.06524658203125,0.4652571380138397
E,A,0.7892338633537292,0.17702293395996094,77.77175903320312,0.5347248911857605
E,A,1.1976213455200195,0.12049215286970139,97.42153930664062,0.4797791838645935
E,A,1.5943562984466553,0.10976650565862656,103.359130859375,0.2790164053440094
E,A,1.8869978189468384,0.1096985936164856,100.561279296875,0.29703468084335327
E,A,2.390411853790283,0.10425082594156265,94.47555541992188,0.3021138906478882
E,A,2.7942986488342285,0.10405510663986206,93.3978271484375,0.25914838910102844
E,A,3.183357000350952,0.10321156680583954,98.41079711914062,0.22108647227287292
E,A,3.58160400390625,0.10233744233846664,95.70504760742188,0.23850493133068085
E,A,3.8972694873809814,0.10086219757795334,95.80764770507812,0.3256952464580536
E,greek_upper_0,0.39965471625328064,0.21495983004570007,57.338043212890625,0.5300164222717285
E,greek_upper_0,0.7891148328781128,0.20030395686626434,62.946624755859375,0.5690330862998962
E,greek_upper_0,1.1955899000167847,0.14002414047718048,78.30224609375,0.39831453561782837
E,greek_upper_0,1.593285322189331,0.1275193691253662,93.15951538085938,0.24009372293949127
E,greek_upper_0,2.002476692199707,0.12378834933042526,94.824462890625,0.3207012116909027
E,greek_upper_0,2.4003875255584717,0.12293846160173416,88.1495361328125,0.42272159457206726
E,greek_upper_0,2.7934274673461914,0.10006605833768845,94.91534423828125,0.3867324888706207
E,greek_upper_0,3.1913485527038574,0.09357072412967682,96.17877197265625,0.23913797736167908
E,greek_upper_0,3.6020445823669434,0.08355659246444702,100.94357299804688,0.3547441363334656
E,greek_upper_0,3.880228281021118,0.0803363248705864,107.31491088867188,0.28547701239585876
E,korean_5,0.39570242166519165,0.24303697049617767,64.3704833984375,0.45187801122665405
E,korean_5,0.7988472580909729,0.17188407480716705,86.06216430664062,0.3217654228210449
E,korean_5,1.1907646656036377,0.1474878340959549,93.08438110351562,0.35245436429977417
E,korean_5,1.5902793407440186,0.14682109653949738,101.72830200195312,0.287849098443985
E,korean_5,1.8976662158966064,0.14570023119449615,101.55029296875,0.3091507852077484
E,korean_5,2.3878273963928223,0.1383054107427597,103.95437622070312,0.3492027223110199
E,korean_5,2.7826743125915527,0.13290932774543762,108.915771484375,0.3447606563568115
E,korean_5,3.1913654804229736,0.12333696335554123,111.2581787109375,0.3481522798538208
E,korean_5,3.5840938091278076,0.12060409784317017,119.34661865234375,0.29253247380256653
E,korean_5,3.9648501873016357,0.11933775246143341,126.75213623046875,0.27217549085617065
E,digit_5,0.39545074105262756,0.21907463669776917,67.42303466796875,0.2558758556842804
E,digit_5,0.7925935983657837,0.2032531499862671,91.57608032226562,0.7791131734848022
E,digit_5,1.1952937841415405,0.19034194946289062,90.70562744140625,0.5823284983634949
E,digit_5,1.5918593406677246,0.178141787648201,100.281494140625,0.5169827938079834
E,digit_5,1.876204490661621,0.1306747943162918,110.52011108398438,0.7219489216804504
E,digit_5,2.39294695854187,0.11440525203943253,108.12551879882812,0.43998226523399353
E,digit_5,2.7817914485931396,0.10962755978107452,122.41900634765625,0.48873570561408997
E,digit_5,3.192582368850708,0.1032557263970375,133.33843994140625,0.5050407648086548
E,digit_5,3.582902193069458,0.10285944491624832,124.42733764648438,0.6853220462799072
E,digit_5,3.900350332260132,0.09728492051362991,131.32620239257812,0.43789997696876526
E,a_lc,0.38515400886535645,0.19249974191188812,69.27957153320312,0.3628010153770447
E,a_lc,0.7870396971702576,0.14421479403972626,76.94540405273438,0.7764219641685486
E,a_lc,1.1798776388168335,0.09047455340623856,100.02542114257812,0.6727235317230225
E,a_lc,1.5920791625976562,0.07841874659061432,114.17999267578125,0.6166208982467651
E,a_lc,1.9007962942123413,0.07720798254013062,113.87924194335938,0.5322989821434021
E,a_lc,2.3905789852142334,0.07090725004673004,107.56927490234375,0.5327061414718628
E,a_lc,2.7923216819763184,0.06048797443509102,120.5323486328125,0.6787840127944946
E,a_lc,3.1818628311157227,0.052830543369054794,131.989990234375,0.7382553815841675
E,a_lc,3.5900490283966064,0.0525176078081131,126.26791381835938,0.7331022024154663
E,a_lc,3.854602336883545,0.05241568014025688,124.59542846679688,0.5929002165794373
Orakel,A,0.37967362999916077,0.30834466218948364,52.7838134765625,0.19909735023975372
Orakel,A,0.7716581225395203,0.2333701103925705,104.98580932617188,0.27012473344802856
Orakel,A,1.1844507455825806,0.11846732348203659,133.3394775390625,0.2619180977344513
Orakel,A,1.5955833196640015,0.10690207779407501,139.66439819335938,0.26885685324668884
Orakel,A,1.9720807075500488,0.09107877314090729,138.55874633789062,0.2635654807090759
Orakel,A,2.3724308013916016,0.07267957925796509,147.1929931640625,0.3309011161327362
Orakel,A,2.792105197906494,0.06573499739170074,163.08853149414062,0.2886405289173126
Orakel,A,3.1824522018432617,0.060980476438999176,169.09420776367188,0.3200172781944275
Orakel,A,3.5746216773986816,0.059547848999500275,169.60647583007812,0.43820327520370483
Orakel,A,3.8163256645202637,0.058995265513658524,173.94769287109375,0.35225602984428406
Orakel,greek_upper_0,0.3899632692337036,0.5047382712364197,43.90771484375,0.19094441831111908
Orakel,greek_upper_0,0.7750812768936157,0.23933924734592438,78.531494140625,0.24715250730514526
Orakel,greek_upper_0,1.1696394681930542,0.18239569664001465,100.49380493164062,0.2461264729499817
Orakel,greek_upper_0,1.5938624143600464,0.12473376095294952,110.97369384765625,0.29108908772468567
Orakel,greek_upper_0,1.972754955291748,0.10991697758436203,117.579833984375,0.2632812261581421
Orakel,greek_upper_0,2.3821585178375244,0.10655396431684494,128.65545654296875,0.28165343403816223
Orakel,greek_upper_0,2.7681963443756104,0.0925743356347084,159.871337890625,0.22887688875198364
Orakel,greek_upper_0,3.185580015182495,0.07393050938844681,198.41134643554688,0.24554497003555298
Orakel,greek_upper_0,3.5777103900909424,0.06998270750045776,191.78390502929688,0.2461932748556137
Orakel,greek_upper_0,3.8318469524383545,0.06877744197845459,191.3358154296875,0.20652051270008087
Orakel,korean_5,0.3542599678039551,0.37235283851623535,53.09124755859375,0.2875889539718628
Orakel,korean_5,0.7853395938873291,0.2152809053659439,88.22320556640625,0.4904986023902893
Orakel,korean_5,1.183439016342163,0.21298480033874512,86.60028076171875,0.42118924856185913
Orakel,korean_5,1.5834811925888062,0.1776125580072403,91.562744140625,0.38190925121307373
Orakel,korean_5,1.9716967344284058,0.13314512372016907,119.20455932617188,0.39891210198402405
Orakel,korean_5,2.389599084854126,0.1083516851067543,147.70523071289062,0.41955098509788513
Orakel,korean_5,2.782341718673706,0.07919196039438248,178.84701538085938,0.2997284233570099
Orakel,korean_5,3.1624786853790283,0.07477669417858124,191.57220458984375,0.3472278118133545
Orakel,korean_5,3.5164504051208496,0.07424790412187576,194.93417358398438,0.3879487216472626
Orakel,korean_5,3.7649149894714355,0.07316127419471741,198.74346923828125,0.24019864201545715
Orakel,digit_5,0.382504403591156,0.2862856984138489,47.08154296875,0.203196182847023
Orakel,digit_5,0.7965564727783203,0.22824178636074066,100.736328125,0.361147940158844
Orakel,digit_5,1.1889930963516235,0.2038593888282776,105.6932373046875,0.379848450422287
Orakel,digit_5,1.5635948181152344,0.19416242837905884,113.58056640625,0.5334582328796387
Orakel,digit_5,1.9809211492538452,0.18178538978099823,118.45684814453125,0.3276364207267761
Orakel,digit_5,2.3885457515716553,0.17460957169532776,144.90274047851562,0.39585545659065247
Orakel,digit_5,2.7903635501861572,0.171470046043396,158.76641845703125,0.504542350769043
Orakel,digit_5,3.1750688552856445,0.09701677411794662,181.99652099609375,0.21820290386676788
Orakel,digit_5,3.537113904953003,0.06681647151708603,196.39089965820312,0.32300886511802673
Orakel,digit_5,3.7132742404937744,0.0656922236084938,199.5294189453125,0.3965694308280945
Orakel,a_lc,0.36582255363464355,0.3077625632286072,61.563812255859375,0.3595656752586365
Orakel,a_lc,0.7994254231452942,0.1975032389163971,105.2718505859375,0.3483452796936035
Orakel,a_lc,1.1677621603012085,0.16098663210868835,132.90957641601562,0.4180404543876648
Orakel,a_lc,1.5807743072509766,0.12779000401496887,170.15853881835938,0.5151966214179993
Orakel,a_lc,1.9598456621170044,0.09178268909454346,194.09255981445312,0.32027992606163025
Orakel,a_lc,2.3863673210144043,0.08575884997844696,172.4202880859375,0.19378548860549927
Orakel,a_lc,2.7959258556365967,0.0735054686665535,211.19802856445312,0.385060578584671
Orakel,a_lc,3.183298349380493,0.07099343836307526,213.7073974609375,0.3945474624633789
Orakel,a_lc,3.581871271133423,0.053713109344244,217.55490112304688,0.36765962839126587
Orakel,a_lc,3.836481809616089,0.05302033945918083,223.61557006835938,0.38254210352897644
Maeander,A,0.4258064329624176,0.5417956113815308,56.2393798828125,0.1884818822145462
Maeander,A,0.85161292552948,0.5234538316726685,95.12225341796875,0.20820386707782745
Maeander,A,1.3152687549591064,0.3812022805213928,133.21237182617188,0.42418020963668823
Maeander,A,1.7410752773284912,0.2511676251888275,168.98556518554688,0.38324764370918274
Maeander,A,2.053333282470703,0.23859837651252747,184.99365234375,0.236732617020607
Maeander,A,2.630537509918213,0.14827339351177216,169.62759399414062,0.48145583271980286
Maeander,A,3.0563440322875977,0.09896703064441681,238.48028564453125,0.3146568834781647
Maeander,A,3.5199999809265137,0.09894789755344391,253.30862426757812,0.20868265628814697
Maeander,A,3.9458065032958984,0.07374897599220276,244.95025634765625,0.19230061769485474
Maeander,A,4.371613025665283,0.06991658359766006,280.9875793457031,0.19934003055095673
Maeander,greek_upper_0,0.4258064329624176,0.5417956113815308,59.859832763671875,0.1946794092655182
Maeander,greek_upper_0,0.85161292552948,0.5234538316726685,98.7652587890625,0.19252613186836243
Maeander,greek_upper_0,1.3152687549591064,0.3812022805213928,132.39727783203125,0.272297739982605
Maeander,greek_upper_0,1.7410752773284912,0.2511676251888275,156.87478637695312,0.37136051058769226
Maeander,greek_upper_0,2.053333282470703,0.23859837651252747,178.20730590820312,0.22855021059513092
Maeander,greek_upper_0,2.630537509918213,0.14827339351177216,172.51031494140625,0.3668903708457947
Maeander,greek_upper_0,3.0563440322875977,0.09896703064441681,238.97000122070312,0.31381577253341675
Maeander,greek_upper_0,3.5199999809265137,0.09894789755344391,249.08624267578125,0.20888568460941315
Maeander,greek_upper_0,3.9458065032958984,0.07374897599220276,259.2996826171875,0.1278374046087265
Maeander,greek_upper_0,4.371613025665283,0.06991658359766006,285.477783203125,0.26310503482818604
Maeander,korean_5,0.4258064329624176,0.5986920595169067,53.218292236328125,0.28182733058929443
Maeander,korean_5,0.85161292552948,0.5731763243675232,87.29879760742188,0.2715438902378082
Maeander,korean_5,1.3152687549591064,0.4321221113204956,123.60748291015625,0.3165954649448395
Maeander,korean_5,1.7410752773284912,0.3045506179332733,155.77752685546875,0.2751900255680084
Maeander,korean_5,2.053333282470703,0.2836151123046875,177.39215087890625,0.24709640443325043
Maeander,korean_5,2.630537509918213,0.17940248548984528,171.54818725585938,0.3011622428894043
Maeander,korean_5,3.0563440322875977,0.1096034124493599,234.5965576171875,0.22067378461360931
Maeander,korean_5,3.5199999809265137,0.10121080279350281,248.75650024414062,0.27215105295181274
Maeander,korean_5,3.9458065032958984,0.07851452380418777,258.70404052734375,0.17943832278251648
Maeander,korean_5,4.371613025665283,0.06514089554548264,275.66107177734375,0.19447293877601624
Maeander,digit_5,0.4258064329624176,0.5601878762245178,45.959442138671875,0.23833917081356049
Maeander,digit_5,0.85161292552948,0.544661819934845,80.14862060546875,0.22361703217029572
Maeander,digit_5,1.3152687549591064,0.40100806951522827,117.59042358398438,0.22476300597190857
Maeander,digit_5,1.7410752773284912,0.2810646593570709,156.86532592773438,0.23631614446640015
Maeander,digit_5,2.053333282470703,0.2758786082267761,174.17303466796875,0.26058971881866455
Maeander,digit_5,2.630537509918213,0.16174834966659546,165.29977416992188,0.31244033575057983
Maeander,digit_5,3.0563440322875977,0.10967584699392319,238.16656494140625,0.32363003492355347
Maeander,digit_5,3.5199999809265137,0.10894150286912918,250.69146728515625,0.2276833951473236
Maeander,digit_5,3.9458065032958984,0.07446249574422836,248.5816650390625,0.1952056586742401
Maeander,digit_5,4.371613025665283,0.06105039268732071,276.4515686035156,0.16179116070270538
Maeander,a_lc,0.4258064329624176,0.45772579312324524,49.5872802734375,0.2519299387931824
Maeander,a_lc,0.85161292552948,0.44180554151535034,87.54788208007812,0.2476532906293869
Maeander,a_lc,1.3152687549591064,0.32749345898628235,121.42343139648438,0.23903784155845642
Maeander,a_lc,1.7410752773284912,0.1868027001619339,152.823974609375,0.25125089287757874
Maeander,a_lc,2.053333282470703,0.17633093893527985,173.2099609375,0.24187549948692322
Maeander,a_lc,2.630537509918213,0.12147071957588196,168.616455078125,0.2751955986022949
Maeander,a_lc,3.0563440322875977,0.07360853254795074,238.33444213867188,0.2667821943759918
Maeander,a_lc,3.5199999809265137,0.07360842823982239,250.19796752929688,0.19705617427825928
Maeander,a_lc,3.9458065032958984,0.07349301874637604,250.57171630859375,0.1966136395931244
Maeander,a_lc,4.371613025665283,0.07341749221086502,282.063720703125,0.18918946385383606
Zufall,A,0.46097105741500854,0.2279701679944992,59.270050048828125,0.1886225789785385
Zufall,A,0.9287161827087402,0.2172374129295349,100.62478637695312,0.30232852697372437
Zufall,A,1.4250227212905884,0.13922758400440216,118.3642578125,0.1795758605003357
Zufall,A,1.9396476745605469,0.13623377680778503,121.1148681640625,0.2932347059249878
Zufall,A,2.407461643218994,0.1294635683298111,121.14035034179688,0.4899202883243561
Zufall,A,2.908646583557129,0.12541791796684265,121.63372802734375,0.27632400393486023
Zufall,A,3.400836944580078,0.11817529797554016,135.92822265625,0.2020827829837799
Zufall,A,3.8804526329040527,0.11720115691423416,130.66744995117188,0.3830512762069702
Zufall,A,4.336236953735352,0.11644025892019272,129.91693115234375,0.44408974051475525
Zufall,A,4.438258171081543,0.11644025892019272,131.599853515625,0.33802542090415955
Zufall,greek_upper_0,0.4695685803890228,0.40200403332710266,62.515594482421875,0.22513994574546814
Zufall,greek_upper_0,0.9299598932266235,0.19542892277240753,107.11679077148438,0.24663573503494263
Zufall,greek_upper_0,1.4034712314605713,0.12360908836126328,122.90740966796875,0.3099977672100067
Zufall,greek_upper_0,1.8629951477050781,0.07981736212968826,142.71414184570312,0.25011634826660156
Zufall,greek_upper_0,2.325295925140381,0.07909960299730301,135.8839111328125,0.37497833371162415
Zufall,greek_upper_0,2.8017525672912598,0.07810544967651367,126.63894653320312,0.3425775170326233
Zufall,greek_upper_0,3.249126672744751,0.06639817357063293,146.18414306640625,0.251730352640152
Zufall,greek_upper_0,3.716557741165161,0.06268307566642761,157.8289794921875,0.2710143029689789
Zufall,greek_upper_0,4.196271896362305,0.061273276805877686,158.70416259765625,0.2886948883533478
Zufall,greek_upper_0,4.293032169342041,0.061273276805877686,160.79034423828125,0.2708633244037628
Zufall,korean_5,0.4234543442726135,0.3321968615055084,56.821624755859375,0.2685317397117615
Zufall,korean_5,0.854134738445282,0.22417162358760834,97.21676635742188,0.3638799488544464
Zufall,korean_5,1.2584681510925293,0.20492878556251526,111.80633544921875,0.3632805645465851
Zufall,korean_5,1.6841511726379395,0.18422409892082214,121.5162353515625,0.2905208170413971
Zufall,korean_5,2.1478888988494873,0.1152595803141594,135.78546142578125,0.41064074635505676
Zufall,korean_5,2.5615897178649902,0.0899597778916359,156.67098999023438,0.4046855866909027
Zufall,korean_5,2.9964969158172607,0.08468472212553024,171.89141845703125,0.34383872151374817
Zufall,korean_5,3.440843105316162,0.07854160666465759,177.55056762695312,0.3424133062362671
Zufall,korean_5,3.82950496673584,0.07835017144680023,182.237548828125,0.4233061373233795
Zufall,korean_5,4.21305513381958,0.0781264528632164,179.84722900390625,0.378608763217926
Zufall,digit_5,0.45102381706237793,0.18827831745147705,74.87405395507812,0.34505781531333923
Zufall,digit_5,0.9674392938613892,0.17134711146354675,106.921630859375,0.45147502422332764
Zufall,digit_5,1.4386829137802124,0.14813531935214996,121.0755615234375,0.5275421142578125
Zufall,digit_5,1.9375971555709839,0.13097888231277466,125.435791015625,0.6105774641036987
Zufall,digit_5,2.449045181274414,0.1275605857372284,144.44940185546875,0.3492087125778198
Zufall,digit_5,2.9280571937561035,0.12180186063051224,154.03778076171875,0.39561381936073303
Zufall,digit_5,3.388223886489868,0.1188732460141182,160.33395385742188,0.3501715362071991
Zufall,digit_5,3.9009835720062256,0.10309289395809174,161.4864501953125,0.3391288220882416
Zufall,digit_5,4.365509033203125,0.07034262269735336,187.15966796875,0.39306554198265076
Zufall,digit_5,4.84459924697876,0.06577855348587036,190.449462890625,0.2920389771461487
Zufall,a_lc,0.4676392674446106,0.18813414871692657,69.64425659179688,0.46228715777397156
Zufall,a_lc,0.9343722462654114,0.16097986698150635,94.44281005859375,0.9354478716850281
Zufall,a_lc,1.392171859741211,0.12857607007026672,116.42251586914062,0.8678941130638123
Zufall,a_lc,1.8725759983062744,0.08187945187091827,151.9898681640625,0.5119519829750061
Zufall,a_lc,2.323533773422241,0.06436139345169067,169.87887573242188,0.41904041171073914
Zufall,a_lc,2.812546491622925,0.062212567776441574,158.06185913085938,0.4411776661872864
Zufall,a_lc,3.2642438411712646,0.04812886193394661,174.11737060546875,0.40210801362991333
Zufall,a_lc,3.756383180618286,0.04671553522348404,171.17367553710938,0.43549400568008423
Zufall,a_lc,4.211503505706787,0.042355846613645554,171.71368408203125,0.3545496165752411
Zufall,a_lc,4.544064998626709,0.04188360273838043,185.64895629882812,0.5913143754005432
